idquestao,tempo
6,4.130595400000402
6,4.545342199999595
6,4.50369610000007
6,4.555927299999894
6,4.516026600000259
